Aurek-Besh/character13, Aurek-Besh/character13 
Manipuri/character03, Manipuri/character03 
Ge_ez/character04, Aurek-Besh/character23 
Manipuri/character09, Kannada/character22 
Angelic/character14, Manipuri/character03 
Kannada/character16, Ge_ez/character21 
Kannada/character22, Kannada/character06 
Kannada/character32, Kannada/character32 
Kannada/character06, Manipuri/character04 
Ge_ez/character21, Kannada/character06 
Manipuri/character04, Manipuri/character03 
Aurek-Besh/character23, Manipuri/character09 
Angelic/character10, Kannada/character22 
Ge_ez/character19, Manipuri/character03 
Malayalam/character09, Kannada/character06 
Ge_ez/character02, Ge_ez/character21 
Aurek-Besh/character13, Aurek-Besh/character13 
Manipuri/character03, Manipuri/character03 
Ge_ez/character04, Kannada/character16 
Manipuri/character09, Manipuri/character09 
Angelic/character14, Angelic/character14 
Kannada/character16, Aurek-Besh/character13 
Kannada/character22, Kannada/character22 
Kannada/character32, Kannada/character32 
Kannada/character06, Ge_ez/character21 
Ge_ez/character21, Malayalam/character09 
Manipuri/character04, Kannada/character22 
Aurek-Besh/character23, Ge_ez/character02 
Angelic/character10, Angelic/character10 
Ge_ez/character19, Aurek-Besh/character13 
Malayalam/character09, Malayalam/character09 
Ge_ez/character02, Ge_ez/character21 
Aurek-Besh/character13, Aurek-Besh/character13 
Manipuri/character03, Manipuri/character04 
Ge_ez/character04, Kannada/character16 
Manipuri/character09, Manipuri/character03 
Angelic/character14, Angelic/character14 
Kannada/character16, Aurek-Besh/character13 
Kannada/character22, Kannada/character22 
Kannada/character32, Aurek-Besh/character23 
Kannada/character06, Kannada/character06 
Ge_ez/character21, Ge_ez/character21 
Manipuri/character04, Aurek-Besh/character13 
Aurek-Besh/character23, Aurek-Besh/character13 
Angelic/character10, Angelic/character10 
Ge_ez/character19, Aurek-Besh/character13 
Malayalam/character09, Malayalam/character09 
Ge_ez/character02, Aurek-Besh/character13 
Aurek-Besh/character13, Aurek-Besh/character13 
Manipuri/character03, Aurek-Besh/character13 
Ge_ez/character04, Ge_ez/character04 
Manipuri/character09, Aurek-Besh/character13 
Angelic/character14, Aurek-Besh/character13 
Kannada/character16, Kannada/character16 
Kannada/character22, Aurek-Besh/character23 
Kannada/character32, Kannada/character16 
Kannada/character06, Kannada/character06 
Ge_ez/character21, Kannada/character06 
Manipuri/character04, Manipuri/character04 
Aurek-Besh/character23, Kannada/character06 
Angelic/character10, Malayalam/character09 
Ge_ez/character19, Ge_ez/character19 
Malayalam/character09, Kannada/character16 
Ge_ez/character02, Ge_ez/character02 
Aurek-Besh/character13, Manipuri/character09 
Manipuri/character03, Manipuri/character04 
Ge_ez/character04, Manipuri/character09 
Manipuri/character09, Kannada/character32 
Angelic/character14, Kannada/character16 
Kannada/character16, Kannada/character32 
Kannada/character22, Kannada/character22 
Kannada/character32, Kannada/character32 
Kannada/character06, Kannada/character06 
Ge_ez/character21, Ge_ez/character21 
Manipuri/character04, Manipuri/character04 
Aurek-Besh/character23, Aurek-Besh/character13 
Angelic/character10, Ge_ez/character19 
Ge_ez/character19, Aurek-Besh/character13 
Malayalam/character09, Kannada/character32 
Ge_ez/character02, Kannada/character16 
