Early_Aramaic/character04, Early_Aramaic/character04 
Arcadian/character07, Arcadian/character07 
Tagalog/character06, Mkhedruli_(Georgian)/character15 
Mkhedruli_(Georgian)/character15, Alphabet_of_the_Magi/character07 
Early_Aramaic/character10, Early_Aramaic/character10 
Mkhedruli_(Georgian)/character29, Mkhedruli_(Georgian)/character29 
Alphabet_of_the_Magi/character03, Alphabet_of_the_Magi/character03 
Mkhedruli_(Georgian)/character32, Mkhedruli_(Georgian)/character29 
Alphabet_of_the_Magi/character07, Arcadian/character19 
Japanese_(hiragana)/character23, Japanese_(hiragana)/character23 
Tagalog/character14, Tagalog/character14 
Alphabet_of_the_Magi/character14, Early_Aramaic/character10 
Korean/character32, Arcadian/character19 
Balinese/character04, Korean/character32 
Arcadian/character19, Arcadian/character19 
Early_Aramaic/character17, Early_Aramaic/character17 
Alphabet_of_the_Magi/character03, Tagalog/character14 
Korean/character32, Korean/character32 
Balinese/character18, Balinese/character04 
Arcadian/character19, Arcadian/character07 
Japanese_(hiragana)/character46, Japanese_(hiragana)/character46 
Tagalog/character15, Early_Aramaic/character10 
Balinese/character07, Balinese/character04 
Japanese_(hiragana)/character23, Balinese/character04 
Arcadian/character07, Arcadian/character07 
Tagalog/character14, Tagalog/character14 
Korean/character20, Korean/character20 
Mkhedruli_(Georgian)/character15, Mkhedruli_(Georgian)/character15 
Early_Aramaic/character10, Early_Aramaic/character10 
Mkhedruli_(Georgian)/character29, Mkhedruli_(Georgian)/character29 
Early_Aramaic/character05, Korean/character32 
Balinese/character04, Balinese/character04 
