Japanese_(katakana)/character12, Early_Aramaic/character06 
Cyrillic/character03, Early_Aramaic/character20 
Cyrillic/character15, Early_Aramaic/character13 
Burmese_(Myanmar)/character12, Burmese_(Myanmar)/character12 
Burmese_(Myanmar)/character01, Early_Aramaic/character20 
Alphabet_of_the_Magi/character04, Alphabet_of_the_Magi/character04 
Early_Aramaic/character06, Early_Aramaic/character13 
Greek/character11, Early_Aramaic/character20 
Greek/character21, Early_Aramaic/character20 
Early_Aramaic/character20, Early_Aramaic/character20 
Tagalog/character05, Tagalog/character05 
Tagalog/character03, Tagalog/character03 
Cyrillic/character30, Alphabet_of_the_Magi/character04 
Alphabet_of_the_Magi/character10, Alphabet_of_the_Magi/character10 
Alphabet_of_the_Magi/character19, Burmese_(Myanmar)/character01 
Early_Aramaic/character13, Early_Aramaic/character13 
Japanese_(katakana)/character38, Tagalog/character03 
Alphabet_of_the_Magi/character04, Alphabet_of_the_Magi/character04 
Early_Aramaic/character13, Alphabet_of_the_Magi/character04 
Cyrillic/character20, Greek/character17 
Tagalog/character05, Japanese_(katakana)/character12 
Cyrillic/character15, Tagalog/character03 
Greek/character11, Greek/character11 
Burmese_(Myanmar)/character16, Burmese_(Myanmar)/character16 
Early_Aramaic/character20, Alphabet_of_the_Magi/character04 
Alphabet_of_the_Magi/character20, Japanese_(katakana)/character12 
Early_Aramaic/character06, Alphabet_of_the_Magi/character04 
Burmese_(Myanmar)/character01, Cyrillic/character20 
Greek/character17, Early_Aramaic/character20 
Alphabet_of_the_Magi/character10, Alphabet_of_the_Magi/character10 
Tagalog/character03, Greek/character17 
Japanese_(katakana)/character12, Greek/character17 
