Tagalog/character12, Balinese/character03 
Tagalog/character07, Tagalog/character07 
Grantha/character13, Grantha/character13 
Balinese/character08, Malay_(Jawi_-_Arabic)/character14 
Latin/character26, Latin/character26 
Burmese_(Myanmar)/character12, Burmese_(Myanmar)/character12 
Burmese_(Myanmar)/character32, Alphabet_of_the_Magi/character13 
Latin/character23, Malay_(Jawi_-_Arabic)/character14 
Alphabet_of_the_Magi/character13, Alphabet_of_the_Magi/character13 
Tagalog/character01, Latin/character23 
Greek/character07, Malay_(Jawi_-_Arabic)/character21 
Malay_(Jawi_-_Arabic)/character14, Burmese_(Myanmar)/character32 
Malay_(Jawi_-_Arabic)/character21, Malay_(Jawi_-_Arabic)/character21 
Balinese/character03, Latin/character26 
Burmese_(Myanmar)/character24, Malay_(Jawi_-_Arabic)/character21 
Burmese_(Myanmar)/character07, Balinese/character03 
Balinese/character23, Balinese/character23 
Tagalog/character13, Tagalog/character13 
Greek/character07, Greek/character09 
Grantha/character41, Latin/character07 
Malay_(Jawi_-_Arabic)/character31, Grantha/character41 
Balinese/character18, Balinese/character23 
Tagalog/character12, Tagalog/character13 
Alphabet_of_the_Magi/character07, Alphabet_of_the_Magi/character07 
Latin/character07, Latin/character07 
Malay_(Jawi_-_Arabic)/character38, Malay_(Jawi_-_Arabic)/character38 
Greek/character02, Balinese/character23 
Greek/character10, Greek/character09 
Greek/character09, Greek/character09 
Burmese_(Myanmar)/character26, Latin/character07 
Tagalog/character02, Tagalog/character12 
Tagalog/character09, Greek/character09 
