Malayalam/character19, Malayalam/character19 
Kannada/character31, Oriya/character32 
Avesta/character01, Aurek-Besh/character22 
Oriya/character26, Oriya/character26 
Atlantean/character07, Atlantean/character07 
Avesta/character11, Malayalam/character13 
Malayalam/character13, Malayalam/character13 
Oriya/character32, Oriya/character32 
Sylheti/character14, Malayalam/character32 
Angelic/character15, Angelic/character15 
Atlantean/character24, Kannada/character31 
Malayalam/character32, Atemayar_Qelisayer/character02 
Atemayar_Qelisayer/character02, Atemayar_Qelisayer/character02 
Aurek-Besh/character22, Atemayar_Qelisayer/character02 
Keble/character05, Malayalam/character13 
Sylheti/character05, Avesta/character01 
Malayalam/character19, Malayalam/character19 
Kannada/character31, Atlantean/character07 
Avesta/character01, Avesta/character01 
Oriya/character26, Kannada/character31 
Atlantean/character07, Sylheti/character05 
Avesta/character11, Aurek-Besh/character22 
Malayalam/character13, Malayalam/character32 
Oriya/character32, Oriya/character32 
Sylheti/character14, Sylheti/character14 
Angelic/character15, Angelic/character15 
Atlantean/character24, Atemayar_Qelisayer/character02 
Malayalam/character32, Sylheti/character14 
Atemayar_Qelisayer/character02, Malayalam/character32 
Aurek-Besh/character22, Avesta/character01 
Keble/character05, Keble/character05 
Sylheti/character05, Sylheti/character05 
Malayalam/character19, Malayalam/character13 
Kannada/character31, Kannada/character31 
Avesta/character01, Avesta/character01 
Oriya/character26, Sylheti/character05 
Atlantean/character07, Sylheti/character05 
Avesta/character11, Aurek-Besh/character22 
Malayalam/character13, Sylheti/character05 
Oriya/character32, Sylheti/character14 
Sylheti/character14, Avesta/character11 
Angelic/character15, Angelic/character15 
Atlantean/character24, Atlantean/character24 
Malayalam/character32, Malayalam/character32 
Atemayar_Qelisayer/character02, Aurek-Besh/character22 
Aurek-Besh/character22, Aurek-Besh/character22 
Keble/character05, Keble/character05 
Sylheti/character05, Sylheti/character05 
Malayalam/character19, Malayalam/character13 
Kannada/character31, Kannada/character31 
Avesta/character01, Sylheti/character05 
Oriya/character26, Atlantean/character24 
Atlantean/character07, Atlantean/character07 
Avesta/character11, Avesta/character11 
Malayalam/character13, Malayalam/character13 
Oriya/character32, Aurek-Besh/character22 
Sylheti/character14, Atlantean/character07 
Angelic/character15, Angelic/character15 
Atlantean/character24, Malayalam/character19 
Malayalam/character32, Malayalam/character13 
Atemayar_Qelisayer/character02, Atemayar_Qelisayer/character02 
Aurek-Besh/character22, Sylheti/character05 
Keble/character05, Keble/character05 
Sylheti/character05, Sylheti/character05 
Malayalam/character19, Malayalam/character13 
Kannada/character31, Malayalam/character32 
Avesta/character01, Avesta/character01 
Oriya/character26, Oriya/character32 
Atlantean/character07, Avesta/character11 
Avesta/character11, Aurek-Besh/character22 
Malayalam/character13, Atlantean/character24 
Oriya/character32, Aurek-Besh/character22 
Sylheti/character14, Malayalam/character32 
Angelic/character15, Angelic/character15 
Atlantean/character24, Sylheti/character05 
Malayalam/character32, Sylheti/character05 
Atemayar_Qelisayer/character02, Sylheti/character05 
Aurek-Besh/character22, Sylheti/character05 
Keble/character05, Malayalam/character32 
Sylheti/character05, Aurek-Besh/character22 
